{"status": "1", "message": "OK", "result": [{"SourceCode": "/**\r\n * @title Ownable\r\n * @dev The Ownable contract has an owner address, and provides basic authorization control\r\n * functions, this simplifies the implementation of \"user permissions\".\r\n */\r\ncontract Ownable {\r\n  address public owner;\r\n \r\n\r\n  event OwnershipTransferred(address indexed previousOwner, address indexed newOwner);\r\n\r\n\r\n  /**\r\n   * @dev The Ownable constructor sets the original `owner` of the contract to the sender\r\n   * account.\r\n   */\r\n  function Ownable() {\r\n    owner = msg.sender;\r\n  }\r\n\r\n\r\n  /**\r\n   * @dev Throws if called by any account other than the owner.\r\n   */\r\n  modifier onlyOwner() {\r\n    require(msg.sender == owner);\r\n    _;\r\n  }\r\n\r\n\r\n  /**\r\n   * @dev Allows the current owner to transfer control of the contract to a newOwner.\r\n   * @param newOwner The address to transfer ownership to.\r\n   */\r\n  function transferOwnership(address newOwner) onlyOwner public {\r\n    require(newOwner != address(0));\r\n    OwnershipTransferred(owner, newOwner);\r\n    owner = newOwner;\r\n  }\r\n}\r\n\r\n\r\ncontract DistributeETH is Ownable {\r\n  \r\n\r\n  function distribute(address[] _addrs, uint[] _bals) onlyOwner{\r\n    for(uint i = 0; i < _addrs.length; ++i){\r\n      if(!_addrs[i].send(_bals[i])) throw;\r\n    }\r\n  }\r\n\r\n  function () payable {}\r\n}", "ABI": "[{\"constant\":false,\"inputs\":[{\"name\":\"_addrs\",\"type\":\"address[]\"},{\"name\":\"_bals\",\"type\":\"uint256[]\"}],\"name\":\"distribute\",\"outputs\":[],\"payable\":false,\"stateMutability\":\"nonpayable\",\"type\":\"function\"},{\"constant\":true,\"inputs\":[],\"name\":\"owner\",\"outputs\":[{\"name\":\"\",\"type\":\"address\"}],\"payable\":false,\"stateMutability\":\"view\",\"type\":\"function\"},{\"constant\":false,\"inputs\":[{\"name\":\"newOwner\",\"type\":\"address\"}],\"name\":\"transferOwnership\",\"outputs\":[],\"payable\":false,\"stateMutability\":\"nonpayable\",\"type\":\"function\"},{\"payable\":true,\"stateMutability\":\"payable\",\"type\":\"fallback\"},{\"anonymous\":false,\"inputs\":[{\"indexed\":true,\"name\":\"previousOwner\",\"type\":\"address\"},{\"indexed\":true,\"name\":\"newOwner\",\"type\":\"address\"}],\"name\":\"OwnershipTransferred\",\"type\":\"event\"}]", "ContractName": "DistributeETH", "CompilerVersion": "v0.4.25-nightly.2018.6.18+commit.4247b004", "OptimizationUsed": "1", "Runs": "200", "ConstructorArguments": "", "EVMVersion": "Default", "Library": "", "LicenseType": "", "Proxy": "0", "Implementation": "", "SwarmSource": "bzzr://05b1bb7e4ba414ce45ac953f5b53f10a9391a1fcf60c14f726f4e65cd624cb81"}]}