{"status": "1", "message": "OK", "result": [{"SourceCode": "pragma solidity ^0.4.11;\r\ncontract hodlEthereum {\r\n    event Hodl(address indexed hodler, uint indexed amount);\r\n    event Party(address indexed hodler, uint indexed amount);\r\n    mapping (address => uint) public hodlers;\r\n    uint constant partyTime = 1596067200; // 30th July 2020\r\n    function() payable {\r\n        hodlers[msg.sender] += msg.value;\r\n        Hodl(msg.sender, msg.value);\r\n    }\r\n    function party() {\r\n        require (block.timestamp > partyTime && hodlers[msg.sender] > 0);\r\n        uint value = hodlers[msg.sender];\r\n        hodlers[msg.sender] = 0;\r\n        msg.sender.transfer(value);\r\n        Party(msg.sender, value);\r\n    }\r\n}", "ABI": "[{\"constant\":false,\"inputs\":[],\"name\":\"party\",\"outputs\":[],\"payable\":false,\"type\":\"function\"},{\"constant\":true,\"inputs\":[{\"name\":\"\",\"type\":\"address\"}],\"name\":\"hodlers\",\"outputs\":[{\"name\":\"\",\"type\":\"uint256\"}],\"payable\":false,\"type\":\"function\"},{\"payable\":true,\"type\":\"fallback\"},{\"anonymous\":false,\"inputs\":[{\"indexed\":true,\"name\":\"hodler\",\"type\":\"address\"},{\"indexed\":true,\"name\":\"amount\",\"type\":\"uint256\"}],\"name\":\"Hodl\",\"type\":\"event\"},{\"anonymous\":false,\"inputs\":[{\"indexed\":true,\"name\":\"hodler\",\"type\":\"address\"},{\"indexed\":true,\"name\":\"amount\",\"type\":\"uint256\"}],\"name\":\"Party\",\"type\":\"event\"}]", "ContractName": "hodlEthereum", "CompilerVersion": "v0.4.11+commit.68ef5810", "OptimizationUsed": "0", "Runs": "200", "ConstructorArguments": "", "EVMVersion": "Default", "Library": "", "LicenseType": "", "Proxy": "0", "Implementation": "", "SwarmSource": "bzzr://ff37ab4aec94c93a993cc8874bf94a6d3d706d3eeb6b5b5df89d7c23a7522731"}]}