{"status": "1", "message": "OK", "result": [{"SourceCode": "contract DAO {\r\n    function balanceOf(address addr) returns (uint);\r\n    function transferFrom(address from, address to, uint balance) returns (bool);\r\n    uint public totalSupply;\r\n}\r\n\r\ncontract WithdrawDAO {\r\n    DAO constant public mainDAO = DAO(0xbb9bc244d798123fde783fcc1c72d3bb8c189413);\r\n    address public trustee = 0xcdf7D2D0BdF3511FFf511C62f3C218CF98A136eB; // to be replaced by a multisig\r\n\r\n    function withdraw(){\r\n        uint balance = mainDAO.balanceOf(msg.sender);\r\n\r\n        if (!mainDAO.transferFrom(msg.sender, this, balance) || !msg.sender.send(balance))\r\n            throw;\r\n    }\r\n\r\n    function trusteeWithdraw() {\r\n        trustee.send((this.balance + mainDAO.balanceOf(this)) - mainDAO.totalSupply());\r\n    }\r\n}", "ABI": "[{\"constant\":false,\"inputs\":[],\"name\":\"trusteeWithdraw\",\"outputs\":[],\"type\":\"function\"},{\"constant\":false,\"inputs\":[],\"name\":\"withdraw\",\"outputs\":[],\"type\":\"function\"},{\"constant\":true,\"inputs\":[],\"name\":\"mainDAO\",\"outputs\":[{\"name\":\"\",\"type\":\"address\"}],\"type\":\"function\"},{\"constant\":true,\"inputs\":[],\"name\":\"trustee\",\"outputs\":[{\"name\":\"\",\"type\":\"address\"}],\"type\":\"function\"}]", "ContractName": "WithdrawDAO", "CompilerVersion": "v0.3.5-2016-07-01-48238c9", "OptimizationUsed": "1", "Runs": "200", "ConstructorArguments": "", "EVMVersion": "Default", "Library": "", "LicenseType": "", "Proxy": "0", "Implementation": "", "SwarmSource": ""}]}