{"status": "1", "message": "OK", "result": [{"SourceCode": "pragma solidity ^0.4.11;\r\n\r\ncontract SafeMath {\r\n  function safeMul(uint a, uint b) internal returns (uint) {\r\n    uint c = a * b;\r\n    assert(a == 0 || c / a == b);\r\n    return c;\r\n  }\r\n\r\n  function safeSub(uint a, uint b) internal returns (uint) {\r\n    assert(b <= a);\r\n    return a - b;\r\n  }\r\n\r\n  function safeAdd(uint a, uint b) internal returns (uint) {\r\n    uint c = a + b;\r\n    assert(c>=a && c>=b);\r\n    return c;\r\n  }\r\n\r\n  function assert(bool assertion) internal {\r\n    if (!assertion) throw;\r\n  }\r\n}\r\n\r\ncontract Ownable {\r\n  address public owner;\r\n\r\n\r\n  /** \r\n   * @dev The Ownable constructor sets the original `owner` of the contract to the sender\r\n   * account.\r\n   */\r\n  function Ownable() {\r\n    owner = msg.sender;\r\n  }\r\n\r\n\r\n  /**\r\n   * @dev Throws if called by any account other than the owner. \r\n   */\r\n  modifier onlyOwner() {\r\n    if (msg.sender != owner) {\r\n      throw;\r\n    }\r\n    _;\r\n  }\r\n\r\n\r\n  /**\r\n   * @dev Allows the current owner to transfer control of the contract to a newOwner.\r\n   * @param newOwner The address to transfer ownership to. \r\n   */\r\n  function transferOwnership(address newOwner) onlyOwner {\r\n    if (newOwner != address(0)) {\r\n      owner = newOwner;\r\n    }\r\n  }\r\n\r\n}\r\n\r\ncontract ERC20Basic {\r\n  uint public totalSupply;\r\n  function balanceOf(address who) constant returns (uint);\r\n  function transfer(address to, uint value);\r\n  event Transfer(address indexed from, address indexed to, uint value);\r\n}\r\n\r\ncontract ERC20 is ERC20Basic {\r\n  function allowance(address owner, address spender) constant returns (uint);\r\n  function transferFrom(address from, address to, uint value);\r\n  function approve(address spender, uint value);\r\n  event Approval(address indexed owner, address indexed spender, uint value);\r\n}\r\n\r\n\r\ncontract BitcoinStore is Ownable, SafeMath {\r\n\r\n  address constant public Bitcoin_address =0xB6eD7644C69416d67B522e20bC294A9a9B405B31;// TESTNET CONTRACT: 0x9D2Cc383E677292ed87f63586086CfF62a009010\r\n  uint bitcoin_ratio = 500*1E8;\r\n  uint eth_ratio = 1*1E18;\r\n\r\n  function update_ratio(uint new_bitcoin_ratio, uint new_eth_ratio) \r\n  onlyOwner\r\n  {\r\n    bitcoin_ratio = new_bitcoin_ratio;\r\n    eth_ratio = new_eth_ratio;\r\n  }\r\n\r\n  function send(address _tokenAddr, address dest, uint value)\r\n  onlyOwner\r\n  {\r\n      ERC20(_tokenAddr).transfer(dest, value);\r\n  }\r\n\r\n  function multisend(address _tokenAddr, address[] dests, uint[] values)\r\n  onlyOwner\r\n  returns (uint) {\r\n      uint i = 0;\r\n      while (i < dests.length) {\r\n         ERC20(_tokenAddr).transfer(dests[i], values[i]);\r\n         i += 1;\r\n      }\r\n      return(i);\r\n  }\r\n\r\n  /* fallback function for when ether is sent to the contract */\r\n  function () external payable {\r\n    uint buytokens = safeMul(bitcoin_ratio , msg.value)/eth_ratio;\r\n    ERC20(Bitcoin_address).transfer(msg.sender, buytokens);\r\n  }\r\n\r\n  function buy() public payable {\r\n    uint buytokens = safeMul(bitcoin_ratio , msg.value)/eth_ratio;\r\n    ERC20(Bitcoin_address).transfer(msg.sender, buytokens);\r\n  }\r\n\r\n  function withdraw() onlyOwner {\r\n    msg.sender.transfer(this.balance);\r\n  }\r\n}", "ABI": "[{\"constant\":false,\"inputs\":[{\"name\":\"new_bitcoin_ratio\",\"type\":\"uint256\"},{\"name\":\"new_eth_ratio\",\"type\":\"uint256\"}],\"name\":\"update_ratio\",\"outputs\":[],\"payable\":false,\"stateMutability\":\"nonpayable\",\"type\":\"function\"},{\"constant\":false,\"inputs\":[{\"name\":\"_tokenAddr\",\"type\":\"address\"},{\"name\":\"dest\",\"type\":\"address\"},{\"name\":\"value\",\"type\":\"uint256\"}],\"name\":\"send\",\"outputs\":[],\"payable\":false,\"stateMutability\":\"nonpayable\",\"type\":\"function\"},{\"constant\":true,\"inputs\":[],\"name\":\"Bitcoin_address\",\"outputs\":[{\"name\":\"\",\"type\":\"address\"}],\"payable\":false,\"stateMutability\":\"view\",\"type\":\"function\"},{\"constant\":false,\"inputs\":[],\"name\":\"withdraw\",\"outputs\":[],\"payable\":false,\"stateMutability\":\"nonpayable\",\"type\":\"function\"},{\"constant\":true,\"inputs\":[],\"name\":\"owner\",\"outputs\":[{\"name\":\"\",\"type\":\"address\"}],\"payable\":false,\"stateMutability\":\"view\",\"type\":\"function\"},{\"constant\":false,\"inputs\":[],\"name\":\"buy\",\"outputs\":[],\"payable\":true,\"stateMutability\":\"payable\",\"type\":\"function\"},{\"constant\":false,\"inputs\":[{\"name\":\"_tokenAddr\",\"type\":\"address\"},{\"name\":\"dests\",\"type\":\"address[]\"},{\"name\":\"values\",\"type\":\"uint256[]\"}],\"name\":\"multisend\",\"outputs\":[{\"name\":\"\",\"type\":\"uint256\"}],\"payable\":false,\"stateMutability\":\"nonpayable\",\"type\":\"function\"},{\"constant\":false,\"inputs\":[{\"name\":\"newOwner\",\"type\":\"address\"}],\"name\":\"transferOwnership\",\"outputs\":[],\"payable\":false,\"stateMutability\":\"nonpayable\",\"type\":\"function\"},{\"payable\":true,\"stateMutability\":\"payable\",\"type\":\"fallback\"}]", "ContractName": "BitcoinStore", "CompilerVersion": "v0.4.24+commit.e67f0147", "OptimizationUsed": "0", "Runs": "200", "ConstructorArguments": "", "EVMVersion": "Default", "Library": "", "LicenseType": "", "Proxy": "0", "Implementation": "", "SwarmSource": "bzzr://17b93f55579ded04d6ac92d9277f06063880463477a4e947e213ddd07151b35d"}]}