{"status": "1", "message": "OK", "result": [{"SourceCode": "pragma solidity ^0.4.24;\r\n\r\ncontract BlueChipMain {\r\n    function buy(address _referredBy) public payable returns(uint256);\r\n    function exit() public;\r\n}\r\n\r\ncontract BlueDividends {\r\n    BlueChipMain BlueChipMainContract = BlueChipMain(0xabEFEc93451A2cD5D864fF7b0B1604dFC60e9688);\r\n    \r\n    /// @notice Any funds sent here are for dividend payment.\r\n    function () public payable {\r\n    }\r\n    \r\n    /// @notice Distribute dividends to the BlueChipMain contract. Can be called\r\n    ///     repeatedly until practically all dividends have been distributed.\r\n    /// @param rounds How many rounds of dividend distribution do we want?\r\n    function distribute(uint256 rounds) external {\r\n        for (uint256 i = 0; i < rounds; i++) {\r\n            if (address(this).balance < 0.001 ether) {\r\n                // Balance is very low. Not worth the gas to distribute.\r\n                break;\r\n            }\r\n            \r\n            BlueChipMainContract.buy.value(address(this).balance)(0x0);\r\n            BlueChipMainContract.exit();\r\n        }\r\n    }\r\n}", "ABI": "[{\"constant\":false,\"inputs\":[{\"name\":\"rounds\",\"type\":\"uint256\"}],\"name\":\"distribute\",\"outputs\":[],\"payable\":false,\"stateMutability\":\"nonpayable\",\"type\":\"function\"},{\"payable\":true,\"stateMutability\":\"payable\",\"type\":\"fallback\"}]", "ContractName": "BlueDividends", "CompilerVersion": "v0.4.24+commit.e67f0147", "OptimizationUsed": "0", "Runs": "200", "ConstructorArguments": "", "EVMVersion": "Default", "Library": "", "LicenseType": "None", "Proxy": "0", "Implementation": "", "SwarmSource": "bzzr://5b1230b4134cd3f00a1360575435dfb36f2d803c93fced04dcf749eae899f771"}]}