{"status": "1", "message": "OK", "result": [{"SourceCode": "pragma solidity ^0.4.15;\r\n\r\ncontract Owned {\r\n\r\n    /// @dev `owner` is the only address that can call a function with this\r\n    /// modifier\r\n    modifier onlyOwner() {\r\n        require(msg.sender == owner);\r\n        _;\r\n    }\r\n\r\n    address public owner;\r\n\r\n    /// @notice The Constructor assigns the message sender to be `owner`\r\n    function Owned() {\r\n        owner = msg.sender;\r\n    }\r\n\r\n    address public newOwner;\r\n\r\n    /// @notice `owner` can step down and assign some other address to this role\r\n    /// @param _newOwner The address of the new owner. 0x0 can be used to create\r\n    ///  an unowned neutral vault, however that cannot be undone\r\n    function changeOwner(address _newOwner) onlyOwner {\r\n        newOwner = _newOwner;\r\n    }\r\n\r\n    function acceptOwnership() {\r\n        if (msg.sender == newOwner) {\r\n            owner = newOwner;\r\n        }\r\n    }\r\n}\r\n\r\ncontract ERC20Basic {\r\n    function transfer(address to, uint256 value) public returns (bool);\r\n    function balanceOf(address who) public constant returns (uint256);\r\n    event Transfer(address indexed from, address indexed to, uint256 value);\r\n}\r\n\r\ncontract Distribute is Owned {\r\n\r\n    mapping (address => uint) public tokensOwed;\r\n    ERC20Basic token;\r\n\r\n    event AmountSet(address contributor, uint amount);\r\n    event AmountSent(address contributor, uint amount);\r\n\r\n    function Distribute(address _token) public {\r\n        token = ERC20Basic(_token);\r\n    }\r\n\r\n    function setAmount(address[] contributors, uint[] amounts) public onlyOwner {\r\n        for (uint256 i = 0; i < contributors.length; i++) {\r\n            tokensOwed[contributors[i]] = amounts[i];\r\n        }\r\n    }\r\n\r\n    function withdrawAllTokens() public onlyOwner {\r\n        token.transfer(owner, token.balanceOf(address(this)));\r\n    }\r\n\r\n    function() public payable {\r\n        collect();\r\n    }\r\n\r\n    function collect() public {\r\n        uint amount = tokensOwed[msg.sender];\r\n        require(amount > 0);\r\n        tokensOwed[msg.sender] = 0;\r\n        token.transfer(msg.sender, amount);\r\n        AmountSent(msg.sender, amount);\r\n    }\r\n}", "ABI": "[{\"constant\":false,\"inputs\":[],\"name\":\"withdrawAllTokens\",\"outputs\":[],\"payable\":false,\"stateMutability\":\"nonpayable\",\"type\":\"function\"},{\"constant\":true,\"inputs\":[{\"name\":\"\",\"type\":\"address\"}],\"name\":\"tokensOwed\",\"outputs\":[{\"name\":\"\",\"type\":\"uint256\"}],\"payable\":false,\"stateMutability\":\"view\",\"type\":\"function\"},{\"constant\":false,\"inputs\":[],\"name\":\"acceptOwnership\",\"outputs\":[],\"payable\":false,\"stateMutability\":\"nonpayable\",\"type\":\"function\"},{\"constant\":false,\"inputs\":[{\"name\":\"contributors\",\"type\":\"address[]\"},{\"name\":\"amounts\",\"type\":\"uint256[]\"}],\"name\":\"setAmount\",\"outputs\":[],\"payable\":false,\"stateMutability\":\"nonpayable\",\"type\":\"function\"},{\"constant\":true,\"inputs\":[],\"name\":\"owner\",\"outputs\":[{\"name\":\"\",\"type\":\"address\"}],\"payable\":false,\"stateMutability\":\"view\",\"type\":\"function\"},{\"constant\":false,\"inputs\":[{\"name\":\"_newOwner\",\"type\":\"address\"}],\"name\":\"changeOwner\",\"outputs\":[],\"payable\":false,\"stateMutability\":\"nonpayable\",\"type\":\"function\"},{\"constant\":true,\"inputs\":[],\"name\":\"newOwner\",\"outputs\":[{\"name\":\"\",\"type\":\"address\"}],\"payable\":false,\"stateMutability\":\"view\",\"type\":\"function\"},{\"constant\":false,\"inputs\":[],\"name\":\"collect\",\"outputs\":[],\"payable\":false,\"stateMutability\":\"nonpayable\",\"type\":\"function\"},{\"inputs\":[{\"name\":\"_token\",\"type\":\"address\"}],\"payable\":false,\"stateMutability\":\"nonpayable\",\"type\":\"constructor\"},{\"payable\":true,\"stateMutability\":\"payable\",\"type\":\"fallback\"},{\"anonymous\":false,\"inputs\":[{\"indexed\":false,\"name\":\"contributor\",\"type\":\"address\"},{\"indexed\":false,\"name\":\"amount\",\"type\":\"uint256\"}],\"name\":\"AmountSet\",\"type\":\"event\"},{\"anonymous\":false,\"inputs\":[{\"indexed\":false,\"name\":\"contributor\",\"type\":\"address\"},{\"indexed\":false,\"name\":\"amount\",\"type\":\"uint256\"}],\"name\":\"AmountSent\",\"type\":\"event\"}]", "ContractName": "Distribute", "CompilerVersion": "v0.4.19-nightly.2017.10.23+commit.dc6b1f02", "OptimizationUsed": "0", "Runs": "200", "ConstructorArguments": "00000000000000000000000080bc5512561c7f85a3a9508c7df7901b370fa1df", "EVMVersion": "Default", "Library": "", "LicenseType": "", "Proxy": "0", "Implementation": "", "SwarmSource": "bzzr://c11b73b120016a700e4c5f3b97a6dcc81c772535a7e0398c74d98b49db0d2530"}]}